{
 "x_mean": 0.00026309200499252775,
 "x_std": 1.4614478856694313,
 "y_mean": 2916.873352897959,
 "y_std": 815.8843404482744
}