{
 "x_mean": 0.0002624849136864242,
 "x_std": 1.4363740650590977,
 "y_mean": 2941.569690347827,
 "y_std": 813.8023847260131
}